{"cameraMode":{"drawMode":0,"name":"Shaded","section":"Shading Mode"},"sceneLighting":true,"audioPlay":false,"sceneViewState":{"m_AlwaysRefresh":false,"showFog":true,"showSkybox":true,"showFlares":true,"showImageEffects":true,"showParticleSystems":true,"showVisualEffectGraphs":true,"m_FxEnabled":true},"in2DMode":false,"pivot":{"x":0.9914121627807617,"y":2.6635937690734865,"z":3.8228988647460939},"rotation":{"x":-0.15347930788993836,"y":0.7158815860748291,"z":-0.16634297370910645,"w":-0.6605215668678284},"size":5.190837860107422,"orthographic":false}